<?xml version="1.0" encoding="UTF-8"?>
<beans xmlns="http://www.springframework.org/schema/beans"
       xmlns:xsi="http://www.w3.org/2001/XMLSchema-instance"
       xmlns:aop="http://www.springframework.org/schema/aop"
       xmlns:tx="http://www.springframework.org/schema/tx"
       xsi:schemaLocation="http://www.springframework.org/schema/beans
       http://www.springframework.org/schema/beans/spring-beans.xsd
       http://www.springframework.org/schema/tx
       http://www.springframework.org/schema/tx/spring-tx.xsd
       http://www.springframework.org/schema/aop
       http://www.springframework.org/schema/aop/spring-aop.xsd">

    <aop:aspectj-autoproxy proxy-target-class="true"/>
    
    <!-- ========================================配置数据源========================================= -->
    <!-- 配置数据源，使用的是alibaba的Druid(德鲁伊)数据源 -->
    <bean name="dataSource" class="com.alibaba.druid.pool.DruidDataSource" init-method="init" destroy-method="close">
        <property name="url" value="${jdbc.url}" />
        <property name="username" value="${jdbc.username}" />
        <property name="password" value="${jdbc.password}" />
        <!-- 初始化连接大小 -->
        <property name="initialSize" value="2" />
        <!-- 连接池最大使用连接数量 -->
        <property name="maxActive" value="20" />
        <!-- 连接池最小空闲 -->
        <property name="minIdle" value="2" />
        <!-- 获取连接最大等待时间 -->
        <property name="maxWait" value="60000" />
        <property name="validationQuery" value="${validationQuery}" />
        <property name="testOnBorrow" value="false" />
        <property name="testOnReturn" value="false" />
        <property name="testWhileIdle" value="true" />
        <!-- 配置间隔多久才进行一次检测，检测需要关闭的空闲连接，单位是毫秒 -->
        <property name="timeBetweenEvictionRunsMillis" value="60000" />
        <!-- 配置一个连接在池中最小生存的时间，单位是毫秒 -->
        <property name="minEvictableIdleTimeMillis" value="25200000" />
        <!-- 打开removeAbandoned功能 -->
        <property name="removeAbandoned" value="true" />
        <!-- 1800秒，也就是30分钟 -->
        <property name="removeAbandonedTimeout" value="1800" />
        <!-- 关闭abanded连接时输出错误日志 -->
        <property name="logAbandoned" value="true" />
        <!-- 监控数据库 -->
        <!-- <property name="filters" value="stat" /> -->
        <property name="filters" value="mergeStat" />
    </bean>

    <!-- ========================================针对myBatis的配置项============================== -->
    <!-- 配置sqlSessionFactory -->
    <bean id="sqlSessionFactory" class="org.mybatis.spring.SqlSessionFactoryBean">
        <property name="dataSource" ref="dataSource" />
        <property name="mapperLocations" value="classpath:/mapper/*.xml"/>
        <property name="plugins">
            <list>
                <!--分页插件-->
                <bean class="com.pos.inhouse.web.common.PageInterceptor"/>
            </list>
        </property>
    </bean>

    <tx:annotation-driven transaction-manager="txManager"/>
    <bean id="txManager"
          class="org.springframework.jdbc.datasource.DataSourceTransactionManager">
        <property name="dataSource" ref="dataSource" />
    </bean>

    <!-- 配置扫描器 -->
    <bean class="org.mybatis.spring.mapper.MapperScannerConfigurer">
        <!-- 扫描me.gacl.dao这个包以及它的子包下的所有映射接口类 -->
        <property name="basePackage" value="com.pos.inhouse.web.dao.mapper" />
        <property name="sqlSessionFactoryBeanName" value="sqlSessionFactory" />
    </bean>
</beans>