<?xml version="1.0" encoding="UTF-8"?>
<beans xmlns="http://www.springframework.org/schema/beans"
	xmlns:xsi="http://www.w3.org/2001/XMLSchema-instance" xmlns:mvc="http://www.springframework.org/schema/mvc"
	xmlns:aop="http://www.springframework.org/schema/aop" xmlns:util="http://www.springframework.org/schema/util"
	xmlns:context="http://www.springframework.org/schema/context" xmlns:task="http://www.springframework.org/schema/task"
	xsi:schemaLocation="http://www.springframework.org/schema/beans
	http://www.springframework.org/schema/beans/spring-beans.xsd
    http://www.springframework.org/schema/context
    http://www.springframework.org/schema/context/spring-context.xsd
    http://www.springframework.org/schema/mvc
    http://www.springframework.org/schema/mvc/spring-mvc.xsd
    http://www.springframework.org/schema/util
    http://www.springframework.org/schema/util/spring-util.xsd
    http://www.springframework.org/schema/aop
    http://www.springframework.org/schema/aop/spring-aop.xsd
    http://www.springframework.org/schema/task
	http://www.springframework.org/schema/task/spring-task-3.1.xsd"
	default-autowire="byName">

	<context:component-scan base-package="com.pos.inhouse" />

	<aop:aspectj-autoproxy proxy-target-class="true" />
	<context:annotation-config />

	<mvc:annotation-driven />
	<task:annotation-driven/>

	<mvc:annotation-driven>
		<!-- 处理responseBody 里面日期类型 -->
		<mvc:message-converters register-defaults="true">
			<bean
				class="com.alibaba.fastjson.support.spring.FastJsonHttpMessageConverter">
				<property name="supportedMediaTypes">
					<list>
						<value>application/json;charset=UTF-8</value>
						<value>text/html;charset=UTF-8</value>
					</list>
				</property>
				<property name="features">
					<util:list>
						<value>WriteMapNullValue</value>
						<value>QuoteFieldNames</value>
						<value>WriteDateUseDateFormat</value>
					</util:list>
				</property>
			</bean>
		</mvc:message-converters>
	</mvc:annotation-driven>

	<mvc:default-servlet-handler />
	
	<!--配置静态资源访问-->
	<mvc:resources mapping="swagger-ui.html" location="classpath:/META-INF/resources/"/>
	<mvc:resources mapping="/webjars/**" location="classpath:/META-INF/resources/webjars/"/>

</beans>