<?xml version="1.0" encoding="UTF-8"?>
<configuration scan="true" scanPeriod="60 seconds">
	<property name="LOG_HOME" value="/web/logs/pos-inhouse" />

	<appender name="CONSOLE" class="ch.qos.logback.core.ConsoleAppender">
		<encoder charset="UTF-8">
			<pattern>[%-5p] %d{yyyy-MM-dd HH:mm:ss.SSS} [%t] [%C:%L] - %m %n</pattern>
		</encoder>
	</appender>
	<!-- 按照每天生成日志文件 -->
	<appender name="FILE" class="ch.qos.logback.core.rolling.RollingFileAppender">
		<file>${LOG_HOME}/pos-inhouse-server.log</file>
		<rollingPolicy class="ch.qos.logback.core.rolling.TimeBasedRollingPolicy">
			<!--日志文件输出的文件名 -->
			<FileNamePattern>${LOG_HOME}/pos-inhouse-server.log.%d{yyyy-MM-dd}
			</FileNamePattern>
			<!--日志文件保留天数 -->
			<MaxHistory>7</MaxHistory>
		</rollingPolicy>
		<encoder class="ch.qos.logback.classic.encoder.PatternLayoutEncoder"
			charset="UTF-8">
			<!--格式化输出：%d表示日期，%thread表示线程名，%-5level：级别从左显示5个字符宽度%msg：日志消息，%n是换行符 -->
			<pattern>[%-5p] %d{yyyy-MM-dd HH:mm:ss.SSS} [%t] [%C:%L] - %m %n</pattern>
			<charset>UTF-8</charset>
		</encoder>
	</appender>

	<appender name="inputLogAppender" class="ch.qos.logback.core.rolling.RollingFileAppender">
		<file>${LOG_HOME}/inputLog.log</file>
		<rollingPolicy class="ch.qos.logback.core.rolling.TimeBasedRollingPolicy">
			<!--日志文件输出的文件名 -->
			<FileNamePattern>${LOG_HOME}/inputLog.%d{yyyy-MM-dd}
			</FileNamePattern>
			<!--日志文件保留天数 -->
			<MaxHistory>7</MaxHistory>
		</rollingPolicy>
		<encoder class="ch.qos.logback.classic.encoder.PatternLayoutEncoder"
			charset="UTF-8">
			<!--格式化输出：%d表示日期，%thread表示线程名，%-5level：级别从左显示5个字符宽度%msg：日志消息，%n是换行符 -->
			<pattern>[%-5p] %d{yyyy-MM-dd HH:mm:ss.SSS} [%t] [%C:%L] - %m %n</pattern>
			<charset>UTF-8</charset>
		</encoder>
	</appender>

	<appender name="outputLogAppender" class="ch.qos.logback.core.rolling.RollingFileAppender">
		<file>${LOG_HOME}/outputLog.log</file>
		<rollingPolicy class="ch.qos.logback.core.rolling.TimeBasedRollingPolicy">
			<!--日志文件输出的文件名 -->
			<FileNamePattern>${LOG_HOME}/outputLog.%d{yyyy-MM-dd}
			</FileNamePattern>
			<!--日志文件保留天数 -->
			<MaxHistory>7</MaxHistory>
		</rollingPolicy>
		<encoder class="ch.qos.logback.classic.encoder.PatternLayoutEncoder"
			charset="UTF-8">
			<!--格式化输出：%d表示日期，%thread表示线程名，%-5level：级别从左显示5个字符宽度%msg：日志消息，%n是换行符 -->
			<pattern>[%-5p] %d{yyyy-MM-dd HH:mm:ss.SSS} [%t] [%C:%L] - %m %n</pattern>
			<charset>UTF-8</charset>
		</encoder>
	</appender>
	
	<logger name="inputLog" level="INFO">
        <appender-ref ref="inputLogAppender"/>
    </logger>
    <logger name="outputLog" level="INFO">
        <appender-ref ref="outputLogAppender"/>
    </logger>

	<root level="INFO">
		<appender-ref ref="CONSOLE" />
		<appender-ref ref="FILE"></appender-ref>
	</root>
</configuration> 