<?xml version="1.0" encoding="UTF-8"?>
<!DOCTYPE mapper PUBLIC "-//mybatis.org//DTD Mapper 3.0//EN" "http://mybatis.org/dtd/mybatis-3-mapper.dtd">
<mapper namespace="com.pos.inhouse.web.dao.mapper.PosAdminMapper">
  <resultMap id="BaseResultMap" type="com.pos.inhouse.web.dao.model.PosAdmin">
    <!--
      WARNING - @mbggenerated
      This element is automatically generated by MyBatis Generator, do not modify.
      This element was generated on Wed Nov 07 12:51:39 CST 2018.
    -->
    <id column="id" jdbcType="INTEGER" property="id" />
    <result column="admin_name" jdbcType="VARCHAR" property="adminName" />
    <result column="user_name" jdbcType="VARCHAR" property="userName" />
    <result column="password" jdbcType="VARCHAR" property="password" />
    <result column="sex" jdbcType="INTEGER" property="sex" />
    <result column="department" jdbcType="VARCHAR" property="department" />
    <result column="job" jdbcType="VARCHAR" property="job" />
    <result column="level" jdbcType="VARCHAR" property="level" />
    <result column="phone" jdbcType="VARCHAR" property="phone" />
    <result column="work_no" jdbcType="VARCHAR" property="workNo" />
    <result column="create_user" jdbcType="VARCHAR" property="createUser" />
    <result column="create_time" jdbcType="TIMESTAMP" property="createTime" />
    <result column="update_user" jdbcType="VARCHAR" property="updateUser" />
    <result column="update_time" jdbcType="TIMESTAMP" property="updateTime" />
  </resultMap>
  <resultMap extends="BaseResultMap" id="ResultMapWithBLOBs" type="com.pos.inhouse.web.dao.model.PosAdmin">
    <!--
      WARNING - @mbggenerated
      This element is automatically generated by MyBatis Generator, do not modify.
      This element was generated on Wed Nov 07 12:51:39 CST 2018.
    -->
    <result column="role" jdbcType="LONGVARCHAR" property="role" />
  </resultMap>
  <sql id="Example_Where_Clause">
    <!--
      WARNING - @mbggenerated
      This element is automatically generated by MyBatis Generator, do not modify.
      This element was generated on Wed Nov 07 12:51:39 CST 2018.
    -->
    <where>
      <foreach collection="oredCriteria" item="criteria" separator="or">
        <if test="criteria.valid">
          <trim prefix="(" prefixOverrides="and" suffix=")">
            <foreach collection="criteria.criteria" item="criterion">
              <choose>
                <when test="criterion.noValue">
                  and ${criterion.condition}
                </when>
                <when test="criterion.singleValue">
                  and ${criterion.condition} #{criterion.value}
                </when>
                <when test="criterion.betweenValue">
                  and ${criterion.condition} #{criterion.value} and #{criterion.secondValue}
                </when>
                <when test="criterion.listValue">
                  and ${criterion.condition}
                  <foreach close=")" collection="criterion.value" item="listItem" open="(" separator=",">
                    #{listItem}
                  </foreach>
                </when>
              </choose>
            </foreach>
          </trim>
        </if>
      </foreach>
    </where>
  </sql>
  <sql id="Update_By_Example_Where_Clause">
    <!--
      WARNING - @mbggenerated
      This element is automatically generated by MyBatis Generator, do not modify.
      This element was generated on Wed Nov 07 12:51:39 CST 2018.
    -->
    <where>
      <foreach collection="example.oredCriteria" item="criteria" separator="or">
        <if test="criteria.valid">
          <trim prefix="(" prefixOverrides="and" suffix=")">
            <foreach collection="criteria.criteria" item="criterion">
              <choose>
                <when test="criterion.noValue">
                  and ${criterion.condition}
                </when>
                <when test="criterion.singleValue">
                  and ${criterion.condition} #{criterion.value}
                </when>
                <when test="criterion.betweenValue">
                  and ${criterion.condition} #{criterion.value} and #{criterion.secondValue}
                </when>
                <when test="criterion.listValue">
                  and ${criterion.condition}
                  <foreach close=")" collection="criterion.value" item="listItem" open="(" separator=",">
                    #{listItem}
                  </foreach>
                </when>
              </choose>
            </foreach>
          </trim>
        </if>
      </foreach>
    </where>
  </sql>
  <sql id="Base_Column_List">
    <!--
      WARNING - @mbggenerated
      This element is automatically generated by MyBatis Generator, do not modify.
      This element was generated on Wed Nov 07 12:51:39 CST 2018.
    -->
    id, admin_name, user_name, password, sex, department, job, level, phone, work_no, 
    create_user, create_time, update_user, update_time
  </sql>
  <sql id="Blob_Column_List">
    <!--
      WARNING - @mbggenerated
      This element is automatically generated by MyBatis Generator, do not modify.
      This element was generated on Wed Nov 07 12:51:39 CST 2018.
    -->
    role
  </sql>
  <select id="selectByExampleWithBLOBs" parameterType="com.pos.inhouse.web.dao.model.PosAdminExample" resultMap="ResultMapWithBLOBs">
    <!--
      WARNING - @mbggenerated
      This element is automatically generated by MyBatis Generator, do not modify.
      This element was generated on Wed Nov 07 12:51:39 CST 2018.
    -->
    select
    <if test="distinct">
      distinct
    </if>
    <include refid="Base_Column_List" />
    ,
    <include refid="Blob_Column_List" />
    from pos_admin
    <if test="_parameter != null">
      <include refid="Example_Where_Clause" />
    </if>
    <if test="orderByClause != null">
      order by ${orderByClause}
    </if>
  </select>
  <select id="selectByExample" parameterType="com.pos.inhouse.web.dao.model.PosAdminExample" resultMap="BaseResultMap">
    <!--
      WARNING - @mbggenerated
      This element is automatically generated by MyBatis Generator, do not modify.
      This element was generated on Wed Nov 07 12:51:39 CST 2018.
    -->
    select
    <if test="distinct">
      distinct
    </if>
    <include refid="Base_Column_List" />
    from pos_admin
    <if test="_parameter != null">
      <include refid="Example_Where_Clause" />
    </if>
    <if test="orderByClause != null">
      order by ${orderByClause}
    </if>
  </select>
  <select id="selectByPrimaryKey" parameterType="java.lang.Integer" resultMap="ResultMapWithBLOBs">
    <!--
      WARNING - @mbggenerated
      This element is automatically generated by MyBatis Generator, do not modify.
      This element was generated on Wed Nov 07 12:51:39 CST 2018.
    -->
    select 
    <include refid="Base_Column_List" />
    ,
    <include refid="Blob_Column_List" />
    from pos_admin
    where id = #{id,jdbcType=INTEGER}
  </select>
  <delete id="deleteByPrimaryKey" parameterType="java.lang.Integer">
    <!--
      WARNING - @mbggenerated
      This element is automatically generated by MyBatis Generator, do not modify.
      This element was generated on Wed Nov 07 12:51:39 CST 2018.
    -->
    delete from pos_admin
    where id = #{id,jdbcType=INTEGER}
  </delete>
  <delete id="deleteByExample" parameterType="com.pos.inhouse.web.dao.model.PosAdminExample">
    <!--
      WARNING - @mbggenerated
      This element is automatically generated by MyBatis Generator, do not modify.
      This element was generated on Wed Nov 07 12:51:39 CST 2018.
    -->
    delete from pos_admin
    <if test="_parameter != null">
      <include refid="Example_Where_Clause" />
    </if>
  </delete>
  <insert id="insert" parameterType="com.pos.inhouse.web.dao.model.PosAdmin">
    <!--
      WARNING - @mbggenerated
      This element is automatically generated by MyBatis Generator, do not modify.
      This element was generated on Wed Nov 07 12:51:39 CST 2018.
    -->
    <selectKey keyProperty="id" order="AFTER" resultType="java.lang.Integer">
      SELECT LAST_INSERT_ID()
    </selectKey>
    insert into pos_admin (admin_name, user_name, password, 
      sex, department, job, 
      level, phone, work_no, 
      create_user, create_time, update_user, 
      update_time, role)
    values (#{adminName,jdbcType=VARCHAR}, #{userName,jdbcType=VARCHAR}, #{password,jdbcType=VARCHAR}, 
      #{sex,jdbcType=INTEGER}, #{department,jdbcType=VARCHAR}, #{job,jdbcType=VARCHAR}, 
      #{level,jdbcType=VARCHAR}, #{phone,jdbcType=VARCHAR}, #{workNo,jdbcType=VARCHAR}, 
      #{createUser,jdbcType=VARCHAR}, #{createTime,jdbcType=TIMESTAMP}, #{updateUser,jdbcType=VARCHAR}, 
      #{updateTime,jdbcType=TIMESTAMP}, #{role,jdbcType=LONGVARCHAR})
  </insert>
  <insert id="insertSelective" parameterType="com.pos.inhouse.web.dao.model.PosAdmin">
    <!--
      WARNING - @mbggenerated
      This element is automatically generated by MyBatis Generator, do not modify.
      This element was generated on Wed Nov 07 12:51:39 CST 2018.
    -->
    <selectKey keyProperty="id" order="AFTER" resultType="java.lang.Integer">
      SELECT LAST_INSERT_ID()
    </selectKey>
    insert into pos_admin
    <trim prefix="(" suffix=")" suffixOverrides=",">
      <if test="adminName != null">
        admin_name,
      </if>
      <if test="userName != null">
        user_name,
      </if>
      <if test="password != null">
        password,
      </if>
      <if test="sex != null">
        sex,
      </if>
      <if test="department != null">
        department,
      </if>
      <if test="job != null">
        job,
      </if>
      <if test="level != null">
        level,
      </if>
      <if test="phone != null">
        phone,
      </if>
      <if test="workNo != null">
        work_no,
      </if>
      <if test="createUser != null">
        create_user,
      </if>
      <if test="createTime != null">
        create_time,
      </if>
      <if test="updateUser != null">
        update_user,
      </if>
      <if test="updateTime != null">
        update_time,
      </if>
      <if test="role != null">
        role,
      </if>
    </trim>
    <trim prefix="values (" suffix=")" suffixOverrides=",">
      <if test="adminName != null">
        #{adminName,jdbcType=VARCHAR},
      </if>
      <if test="userName != null">
        #{userName,jdbcType=VARCHAR},
      </if>
      <if test="password != null">
        #{password,jdbcType=VARCHAR},
      </if>
      <if test="sex != null">
        #{sex,jdbcType=INTEGER},
      </if>
      <if test="department != null">
        #{department,jdbcType=VARCHAR},
      </if>
      <if test="job != null">
        #{job,jdbcType=VARCHAR},
      </if>
      <if test="level != null">
        #{level,jdbcType=VARCHAR},
      </if>
      <if test="phone != null">
        #{phone,jdbcType=VARCHAR},
      </if>
      <if test="workNo != null">
        #{workNo,jdbcType=VARCHAR},
      </if>
      <if test="createUser != null">
        #{createUser,jdbcType=VARCHAR},
      </if>
      <if test="createTime != null">
        #{createTime,jdbcType=TIMESTAMP},
      </if>
      <if test="updateUser != null">
        #{updateUser,jdbcType=VARCHAR},
      </if>
      <if test="updateTime != null">
        #{updateTime,jdbcType=TIMESTAMP},
      </if>
      <if test="role != null">
        #{role,jdbcType=LONGVARCHAR},
      </if>
    </trim>
  </insert>
  <select id="countByExample" parameterType="com.pos.inhouse.web.dao.model.PosAdminExample" resultType="java.lang.Integer">
    <!--
      WARNING - @mbggenerated
      This element is automatically generated by MyBatis Generator, do not modify.
      This element was generated on Wed Nov 07 12:51:39 CST 2018.
    -->
    select count(*) from pos_admin
    <if test="_parameter != null">
      <include refid="Example_Where_Clause" />
    </if>
  </select>
  <update id="updateByExampleSelective" parameterType="map">
    <!--
      WARNING - @mbggenerated
      This element is automatically generated by MyBatis Generator, do not modify.
      This element was generated on Wed Nov 07 12:51:39 CST 2018.
    -->
    update pos_admin
    <set>
      <if test="record.id != null">
        id = #{record.id,jdbcType=INTEGER},
      </if>
      <if test="record.adminName != null">
        admin_name = #{record.adminName,jdbcType=VARCHAR},
      </if>
      <if test="record.userName != null">
        user_name = #{record.userName,jdbcType=VARCHAR},
      </if>
      <if test="record.password != null">
        password = #{record.password,jdbcType=VARCHAR},
      </if>
      <if test="record.sex != null">
        sex = #{record.sex,jdbcType=INTEGER},
      </if>
      <if test="record.department != null">
        department = #{record.department,jdbcType=VARCHAR},
      </if>
      <if test="record.job != null">
        job = #{record.job,jdbcType=VARCHAR},
      </if>
      <if test="record.level != null">
        level = #{record.level,jdbcType=VARCHAR},
      </if>
      <if test="record.phone != null">
        phone = #{record.phone,jdbcType=VARCHAR},
      </if>
      <if test="record.workNo != null">
        work_no = #{record.workNo,jdbcType=VARCHAR},
      </if>
      <if test="record.createUser != null">
        create_user = #{record.createUser,jdbcType=VARCHAR},
      </if>
      <if test="record.createTime != null">
        create_time = #{record.createTime,jdbcType=TIMESTAMP},
      </if>
      <if test="record.updateUser != null">
        update_user = #{record.updateUser,jdbcType=VARCHAR},
      </if>
      <if test="record.updateTime != null">
        update_time = #{record.updateTime,jdbcType=TIMESTAMP},
      </if>
      <if test="record.role != null">
        role = #{record.role,jdbcType=LONGVARCHAR},
      </if>
    </set>
    <if test="_parameter != null">
      <include refid="Update_By_Example_Where_Clause" />
    </if>
  </update>
  <update id="updateByExampleWithBLOBs" parameterType="map">
    <!--
      WARNING - @mbggenerated
      This element is automatically generated by MyBatis Generator, do not modify.
      This element was generated on Wed Nov 07 12:51:39 CST 2018.
    -->
    update pos_admin
    set id = #{record.id,jdbcType=INTEGER},
      admin_name = #{record.adminName,jdbcType=VARCHAR},
      user_name = #{record.userName,jdbcType=VARCHAR},
      password = #{record.password,jdbcType=VARCHAR},
      sex = #{record.sex,jdbcType=INTEGER},
      department = #{record.department,jdbcType=VARCHAR},
      job = #{record.job,jdbcType=VARCHAR},
      level = #{record.level,jdbcType=VARCHAR},
      phone = #{record.phone,jdbcType=VARCHAR},
      work_no = #{record.workNo,jdbcType=VARCHAR},
      create_user = #{record.createUser,jdbcType=VARCHAR},
      create_time = #{record.createTime,jdbcType=TIMESTAMP},
      update_user = #{record.updateUser,jdbcType=VARCHAR},
      update_time = #{record.updateTime,jdbcType=TIMESTAMP},
      role = #{record.role,jdbcType=LONGVARCHAR}
    <if test="_parameter != null">
      <include refid="Update_By_Example_Where_Clause" />
    </if>
  </update>
  <update id="updateByExample" parameterType="map">
    <!--
      WARNING - @mbggenerated
      This element is automatically generated by MyBatis Generator, do not modify.
      This element was generated on Wed Nov 07 12:51:39 CST 2018.
    -->
    update pos_admin
    set id = #{record.id,jdbcType=INTEGER},
      admin_name = #{record.adminName,jdbcType=VARCHAR},
      user_name = #{record.userName,jdbcType=VARCHAR},
      password = #{record.password,jdbcType=VARCHAR},
      sex = #{record.sex,jdbcType=INTEGER},
      department = #{record.department,jdbcType=VARCHAR},
      job = #{record.job,jdbcType=VARCHAR},
      level = #{record.level,jdbcType=VARCHAR},
      phone = #{record.phone,jdbcType=VARCHAR},
      work_no = #{record.workNo,jdbcType=VARCHAR},
      create_user = #{record.createUser,jdbcType=VARCHAR},
      create_time = #{record.createTime,jdbcType=TIMESTAMP},
      update_user = #{record.updateUser,jdbcType=VARCHAR},
      update_time = #{record.updateTime,jdbcType=TIMESTAMP}
    <if test="_parameter != null">
      <include refid="Update_By_Example_Where_Clause" />
    </if>
  </update>
  <update id="updateByPrimaryKeySelective" parameterType="com.pos.inhouse.web.dao.model.PosAdmin">
    <!--
      WARNING - @mbggenerated
      This element is automatically generated by MyBatis Generator, do not modify.
      This element was generated on Wed Nov 07 12:51:39 CST 2018.
    -->
    update pos_admin
    <set>
      <if test="adminName != null">
        admin_name = #{adminName,jdbcType=VARCHAR},
      </if>
      <if test="userName != null">
        user_name = #{userName,jdbcType=VARCHAR},
      </if>
      <if test="password != null">
        password = #{password,jdbcType=VARCHAR},
      </if>
      <if test="sex != null">
        sex = #{sex,jdbcType=INTEGER},
      </if>
      <if test="department != null">
        department = #{department,jdbcType=VARCHAR},
      </if>
      <if test="job != null">
        job = #{job,jdbcType=VARCHAR},
      </if>
      <if test="level != null">
        level = #{level,jdbcType=VARCHAR},
      </if>
      <if test="phone != null">
        phone = #{phone,jdbcType=VARCHAR},
      </if>
      <if test="workNo != null">
        work_no = #{workNo,jdbcType=VARCHAR},
      </if>
      <if test="createUser != null">
        create_user = #{createUser,jdbcType=VARCHAR},
      </if>
      <if test="createTime != null">
        create_time = #{createTime,jdbcType=TIMESTAMP},
      </if>
      <if test="updateUser != null">
        update_user = #{updateUser,jdbcType=VARCHAR},
      </if>
      <if test="updateTime != null">
        update_time = #{updateTime,jdbcType=TIMESTAMP},
      </if>
      <if test="role != null">
        role = #{role,jdbcType=LONGVARCHAR},
      </if>
    </set>
    where id = #{id,jdbcType=INTEGER}
  </update>
  <update id="updateByPrimaryKeyWithBLOBs" parameterType="com.pos.inhouse.web.dao.model.PosAdmin">
    <!--
      WARNING - @mbggenerated
      This element is automatically generated by MyBatis Generator, do not modify.
      This element was generated on Wed Nov 07 12:51:39 CST 2018.
    -->
    update pos_admin
    set admin_name = #{adminName,jdbcType=VARCHAR},
      user_name = #{userName,jdbcType=VARCHAR},
      password = #{password,jdbcType=VARCHAR},
      sex = #{sex,jdbcType=INTEGER},
      department = #{department,jdbcType=VARCHAR},
      job = #{job,jdbcType=VARCHAR},
      level = #{level,jdbcType=VARCHAR},
      phone = #{phone,jdbcType=VARCHAR},
      work_no = #{workNo,jdbcType=VARCHAR},
      create_user = #{createUser,jdbcType=VARCHAR},
      create_time = #{createTime,jdbcType=TIMESTAMP},
      update_user = #{updateUser,jdbcType=VARCHAR},
      update_time = #{updateTime,jdbcType=TIMESTAMP},
      role = #{role,jdbcType=LONGVARCHAR}
    where id = #{id,jdbcType=INTEGER}
  </update>
  <update id="updateByPrimaryKey" parameterType="com.pos.inhouse.web.dao.model.PosAdmin">
    <!--
      WARNING - @mbggenerated
      This element is automatically generated by MyBatis Generator, do not modify.
      This element was generated on Wed Nov 07 12:51:39 CST 2018.
    -->
    update pos_admin
    set admin_name = #{adminName,jdbcType=VARCHAR},
      user_name = #{userName,jdbcType=VARCHAR},
      password = #{password,jdbcType=VARCHAR},
      sex = #{sex,jdbcType=INTEGER},
      department = #{department,jdbcType=VARCHAR},
      job = #{job,jdbcType=VARCHAR},
      level = #{level,jdbcType=VARCHAR},
      phone = #{phone,jdbcType=VARCHAR},
      work_no = #{workNo,jdbcType=VARCHAR},
      create_user = #{createUser,jdbcType=VARCHAR},
      create_time = #{createTime,jdbcType=TIMESTAMP},
      update_user = #{updateUser,jdbcType=VARCHAR},
      update_time = #{updateTime,jdbcType=TIMESTAMP}
    where id = #{id,jdbcType=INTEGER}
  </update>
  
  <!-- Add methods -->
  <select id="selectWithPage" resultMap="ResultMapWithBLOBs">
    select
    <include refid="Base_Column_List" />
    ,
    <include refid="Blob_Column_List" />
    from pos_admin
    <where>
    	<if test="filter.id != null and filter.id != ''">
            AND id =#{filter.id }
        </if>
        <if test="filter.department != null and filter.department != ''">
            AND department =#{filter.department }
        </if>
        <if test="filter.job != null and filter.job != ''">
            AND job =#{filter.job }
        </if>
        <if test="filter.adminName != null and filter.adminName != ''">
            AND admin_name =#{filter.adminName }
        </if>
    </where>
  </select>
</mapper>