<?xml version="1.0" encoding="UTF-8"?>
<!DOCTYPE mapper PUBLIC "-//mybatis.org//DTD Mapper 3.0//EN" "http://mybatis.org/dtd/mybatis-3-mapper.dtd">
<mapper namespace="com.pos.inhouse.web.dao.mapper.PosAlarmMapper">
  <resultMap id="BaseResultMap" type="com.pos.inhouse.web.dao.model.PosAlarm">
    <!--
      WARNING - @mbggenerated
      This element is automatically generated by MyBatis Generator, do not modify.
      This element was generated on Thu Aug 23 20:30:52 CST 2018.
    -->
    <id column="id" jdbcType="INTEGER" property="id" />
    <result column="base_no" jdbcType="VARCHAR" property="baseNo" />
    <result column="tag_no" jdbcType="VARCHAR" property="tagNo" />
    <result column="type" jdbcType="INTEGER" property="type" />
    <result column="alarm_time" jdbcType="TIMESTAMP" property="alarmTime" />
  </resultMap>
  <resultMap extends="BaseResultMap" id="ResultMapWithBLOBs" type="com.pos.inhouse.web.dao.model.PosAlarm">
    <!--
      WARNING - @mbggenerated
      This element is automatically generated by MyBatis Generator, do not modify.
      This element was generated on Thu Aug 23 20:30:52 CST 2018.
    -->
    <result column="alarm_msg" jdbcType="LONGVARCHAR" property="alarmMsg" />
  </resultMap>
  <sql id="Example_Where_Clause">
    <!--
      WARNING - @mbggenerated
      This element is automatically generated by MyBatis Generator, do not modify.
      This element was generated on Thu Aug 23 20:30:52 CST 2018.
    -->
    <where>
      <foreach collection="oredCriteria" item="criteria" separator="or">
        <if test="criteria.valid">
          <trim prefix="(" prefixOverrides="and" suffix=")">
            <foreach collection="criteria.criteria" item="criterion">
              <choose>
                <when test="criterion.noValue">
                  and ${criterion.condition}
                </when>
                <when test="criterion.singleValue">
                  and ${criterion.condition} #{criterion.value}
                </when>
                <when test="criterion.betweenValue">
                  and ${criterion.condition} #{criterion.value} and #{criterion.secondValue}
                </when>
                <when test="criterion.listValue">
                  and ${criterion.condition}
                  <foreach close=")" collection="criterion.value" item="listItem" open="(" separator=",">
                    #{listItem}
                  </foreach>
                </when>
              </choose>
            </foreach>
          </trim>
        </if>
      </foreach>
    </where>
  </sql>
  <sql id="Update_By_Example_Where_Clause">
    <!--
      WARNING - @mbggenerated
      This element is automatically generated by MyBatis Generator, do not modify.
      This element was generated on Thu Aug 23 20:30:52 CST 2018.
    -->
    <where>
      <foreach collection="example.oredCriteria" item="criteria" separator="or">
        <if test="criteria.valid">
          <trim prefix="(" prefixOverrides="and" suffix=")">
            <foreach collection="criteria.criteria" item="criterion">
              <choose>
                <when test="criterion.noValue">
                  and ${criterion.condition}
                </when>
                <when test="criterion.singleValue">
                  and ${criterion.condition} #{criterion.value}
                </when>
                <when test="criterion.betweenValue">
                  and ${criterion.condition} #{criterion.value} and #{criterion.secondValue}
                </when>
                <when test="criterion.listValue">
                  and ${criterion.condition}
                  <foreach close=")" collection="criterion.value" item="listItem" open="(" separator=",">
                    #{listItem}
                  </foreach>
                </when>
              </choose>
            </foreach>
          </trim>
        </if>
      </foreach>
    </where>
  </sql>
  <sql id="Base_Column_List">
    <!--
      WARNING - @mbggenerated
      This element is automatically generated by MyBatis Generator, do not modify.
      This element was generated on Thu Aug 23 20:30:52 CST 2018.
    -->
    id, base_no, tag_no, type, alarm_time
  </sql>
  <sql id="Blob_Column_List">
    <!--
      WARNING - @mbggenerated
      This element is automatically generated by MyBatis Generator, do not modify.
      This element was generated on Thu Aug 23 20:30:52 CST 2018.
    -->
    alarm_msg
  </sql>
  <select id="selectByExampleWithBLOBs" parameterType="com.pos.inhouse.web.dao.model.PosAlarmExample" resultMap="ResultMapWithBLOBs">
    <!--
      WARNING - @mbggenerated
      This element is automatically generated by MyBatis Generator, do not modify.
      This element was generated on Thu Aug 23 20:30:52 CST 2018.
    -->
    select
    <if test="distinct">
      distinct
    </if>
    <include refid="Base_Column_List" />
    ,
    <include refid="Blob_Column_List" />
    from pos_alarm
    <if test="_parameter != null">
      <include refid="Example_Where_Clause" />
    </if>
    <if test="orderByClause != null">
      order by ${orderByClause}
    </if>
  </select>
  <select id="selectByExample" parameterType="com.pos.inhouse.web.dao.model.PosAlarmExample" resultMap="BaseResultMap">
    <!--
      WARNING - @mbggenerated
      This element is automatically generated by MyBatis Generator, do not modify.
      This element was generated on Thu Aug 23 20:30:52 CST 2018.
    -->
    select
    <if test="distinct">
      distinct
    </if>
    <include refid="Base_Column_List" />
    from pos_alarm
    <if test="_parameter != null">
      <include refid="Example_Where_Clause" />
    </if>
    <if test="orderByClause != null">
      order by ${orderByClause}
    </if>
  </select>
  <select id="selectByPrimaryKey" parameterType="java.lang.Integer" resultMap="ResultMapWithBLOBs">
    <!--
      WARNING - @mbggenerated
      This element is automatically generated by MyBatis Generator, do not modify.
      This element was generated on Thu Aug 23 20:30:52 CST 2018.
    -->
    select 
    <include refid="Base_Column_List" />
    ,
    <include refid="Blob_Column_List" />
    from pos_alarm
    where id = #{id,jdbcType=INTEGER}
  </select>
  <delete id="deleteByPrimaryKey" parameterType="java.lang.Integer">
    <!--
      WARNING - @mbggenerated
      This element is automatically generated by MyBatis Generator, do not modify.
      This element was generated on Thu Aug 23 20:30:52 CST 2018.
    -->
    delete from pos_alarm
    where id = #{id,jdbcType=INTEGER}
  </delete>
  <delete id="deleteByExample" parameterType="com.pos.inhouse.web.dao.model.PosAlarmExample">
    <!--
      WARNING - @mbggenerated
      This element is automatically generated by MyBatis Generator, do not modify.
      This element was generated on Thu Aug 23 20:30:52 CST 2018.
    -->
    delete from pos_alarm
    <if test="_parameter != null">
      <include refid="Example_Where_Clause" />
    </if>
  </delete>
  <insert id="insert" parameterType="com.pos.inhouse.web.dao.model.PosAlarm">
    <!--
      WARNING - @mbggenerated
      This element is automatically generated by MyBatis Generator, do not modify.
      This element was generated on Thu Aug 23 20:30:52 CST 2018.
    -->
    insert into pos_alarm (id, base_no, tag_no, 
      type, alarm_time, alarm_msg
      )
    values (#{id,jdbcType=INTEGER}, #{baseNo,jdbcType=VARCHAR}, #{tagNo,jdbcType=VARCHAR}, 
      #{type,jdbcType=INTEGER}, #{alarmTime,jdbcType=TIMESTAMP}, #{alarmMsg,jdbcType=LONGVARCHAR}
      )
  </insert>
  <insert id="insertSelective" parameterType="com.pos.inhouse.web.dao.model.PosAlarm">
    <!--
      WARNING - @mbggenerated
      This element is automatically generated by MyBatis Generator, do not modify.
      This element was generated on Thu Aug 23 20:30:52 CST 2018.
    -->
    insert into pos_alarm
    <trim prefix="(" suffix=")" suffixOverrides=",">
      <if test="id != null">
        id,
      </if>
      <if test="baseNo != null">
        base_no,
      </if>
      <if test="tagNo != null">
        tag_no,
      </if>
      <if test="type != null">
        type,
      </if>
      <if test="alarmTime != null">
        alarm_time,
      </if>
      <if test="alarmMsg != null">
        alarm_msg,
      </if>
    </trim>
    <trim prefix="values (" suffix=")" suffixOverrides=",">
      <if test="id != null">
        #{id,jdbcType=INTEGER},
      </if>
      <if test="baseNo != null">
        #{baseNo,jdbcType=VARCHAR},
      </if>
      <if test="tagNo != null">
        #{tagNo,jdbcType=VARCHAR},
      </if>
      <if test="type != null">
        #{type,jdbcType=INTEGER},
      </if>
      <if test="alarmTime != null">
        #{alarmTime,jdbcType=TIMESTAMP},
      </if>
      <if test="alarmMsg != null">
        #{alarmMsg,jdbcType=LONGVARCHAR},
      </if>
    </trim>
  </insert>
  <select id="countByExample" parameterType="com.pos.inhouse.web.dao.model.PosAlarmExample" resultType="java.lang.Integer">
    <!--
      WARNING - @mbggenerated
      This element is automatically generated by MyBatis Generator, do not modify.
      This element was generated on Thu Aug 23 20:30:52 CST 2018.
    -->
    select count(*) from pos_alarm
    <if test="_parameter != null">
      <include refid="Example_Where_Clause" />
    </if>
  </select>
  <update id="updateByExampleSelective" parameterType="map">
    <!--
      WARNING - @mbggenerated
      This element is automatically generated by MyBatis Generator, do not modify.
      This element was generated on Thu Aug 23 20:30:52 CST 2018.
    -->
    update pos_alarm
    <set>
      <if test="record.id != null">
        id = #{record.id,jdbcType=INTEGER},
      </if>
      <if test="record.baseNo != null">
        base_no = #{record.baseNo,jdbcType=VARCHAR},
      </if>
      <if test="record.tagNo != null">
        tag_no = #{record.tagNo,jdbcType=VARCHAR},
      </if>
      <if test="record.type != null">
        type = #{record.type,jdbcType=INTEGER},
      </if>
      <if test="record.alarmTime != null">
        alarm_time = #{record.alarmTime,jdbcType=TIMESTAMP},
      </if>
      <if test="record.alarmMsg != null">
        alarm_msg = #{record.alarmMsg,jdbcType=LONGVARCHAR},
      </if>
    </set>
    <if test="_parameter != null">
      <include refid="Update_By_Example_Where_Clause" />
    </if>
  </update>
  <update id="updateByExampleWithBLOBs" parameterType="map">
    <!--
      WARNING - @mbggenerated
      This element is automatically generated by MyBatis Generator, do not modify.
      This element was generated on Thu Aug 23 20:30:52 CST 2018.
    -->
    update pos_alarm
    set id = #{record.id,jdbcType=INTEGER},
      base_no = #{record.baseNo,jdbcType=VARCHAR},
      tag_no = #{record.tagNo,jdbcType=VARCHAR},
      type = #{record.type,jdbcType=INTEGER},
      alarm_time = #{record.alarmTime,jdbcType=TIMESTAMP},
      alarm_msg = #{record.alarmMsg,jdbcType=LONGVARCHAR}
    <if test="_parameter != null">
      <include refid="Update_By_Example_Where_Clause" />
    </if>
  </update>
  <update id="updateByExample" parameterType="map">
    <!--
      WARNING - @mbggenerated
      This element is automatically generated by MyBatis Generator, do not modify.
      This element was generated on Thu Aug 23 20:30:52 CST 2018.
    -->
    update pos_alarm
    set id = #{record.id,jdbcType=INTEGER},
      base_no = #{record.baseNo,jdbcType=VARCHAR},
      tag_no = #{record.tagNo,jdbcType=VARCHAR},
      type = #{record.type,jdbcType=INTEGER},
      alarm_time = #{record.alarmTime,jdbcType=TIMESTAMP}
    <if test="_parameter != null">
      <include refid="Update_By_Example_Where_Clause" />
    </if>
  </update>
  <update id="updateByPrimaryKeySelective" parameterType="com.pos.inhouse.web.dao.model.PosAlarm">
    <!--
      WARNING - @mbggenerated
      This element is automatically generated by MyBatis Generator, do not modify.
      This element was generated on Thu Aug 23 20:30:52 CST 2018.
    -->
    update pos_alarm
    <set>
      <if test="baseNo != null">
        base_no = #{baseNo,jdbcType=VARCHAR},
      </if>
      <if test="tagNo != null">
        tag_no = #{tagNo,jdbcType=VARCHAR},
      </if>
      <if test="type != null">
        type = #{type,jdbcType=INTEGER},
      </if>
      <if test="alarmTime != null">
        alarm_time = #{alarmTime,jdbcType=TIMESTAMP},
      </if>
      <if test="alarmMsg != null">
        alarm_msg = #{alarmMsg,jdbcType=LONGVARCHAR},
      </if>
    </set>
    where id = #{id,jdbcType=INTEGER}
  </update>
  <update id="updateByPrimaryKeyWithBLOBs" parameterType="com.pos.inhouse.web.dao.model.PosAlarm">
    <!--
      WARNING - @mbggenerated
      This element is automatically generated by MyBatis Generator, do not modify.
      This element was generated on Thu Aug 23 20:30:52 CST 2018.
    -->
    update pos_alarm
    set base_no = #{baseNo,jdbcType=VARCHAR},
      tag_no = #{tagNo,jdbcType=VARCHAR},
      type = #{type,jdbcType=INTEGER},
      alarm_time = #{alarmTime,jdbcType=TIMESTAMP},
      alarm_msg = #{alarmMsg,jdbcType=LONGVARCHAR}
    where id = #{id,jdbcType=INTEGER}
  </update>
  <update id="updateByPrimaryKey" parameterType="com.pos.inhouse.web.dao.model.PosAlarm">
    <!--
      WARNING - @mbggenerated
      This element is automatically generated by MyBatis Generator, do not modify.
      This element was generated on Thu Aug 23 20:30:52 CST 2018.
    -->
    update pos_alarm
    set base_no = #{baseNo,jdbcType=VARCHAR},
      tag_no = #{tagNo,jdbcType=VARCHAR},
      type = #{type,jdbcType=INTEGER},
      alarm_time = #{alarmTime,jdbcType=TIMESTAMP}
    where id = #{id,jdbcType=INTEGER}
  </update>
  
  <!-- Add methods -->
  <select id="selectWithPage" resultMap="ResultMapWithBLOBs">
    select
    <include refid="Base_Column_List" />
    ,
    <include refid="Blob_Column_List" />
    from pos_alarm
    <where>
    	<if test="filter.id != null and filter.id != ''">
            AND id =#{filter.id }
        </if>
        <if test="filter.tagNo != null and filter.tagNo != ''">
            AND tag_no =#{filter.tagNo }
        </if>
        <if test="filter.baseNo != null and filter.baseNo != ''">
            AND base_no =#{filter.baseNo }
        </if>
        <if test="filter.startTime != null ">
            AND alarm_time <![CDATA[  >= ]]> #{filter.startTime }
        </if>
        <if test="filter.endTime != null ">
            AND alarm_time <![CDATA[  <= ]]> #{filter.endTime }
        </if>
    </where>
  </select>
</mapper>