<?xml version="1.0" encoding="UTF-8" ?>
<!DOCTYPE mapper PUBLIC "-//mybatis.org//DTD Mapper 3.0//EN" "http://mybatis.org/dtd/mybatis-3-mapper.dtd" >
<mapper namespace="com.pos.inhouse.web.dao.mapper.PosBaseStationMapper" >
  <resultMap id="BaseResultMap" type="com.pos.inhouse.web.dao.model.PosBaseStation" >
    <!--
      WARNING - @mbggenerated
      This element is automatically generated by MyBatis Generator, do not modify.
    -->
    <id column="id" property="id" jdbcType="INTEGER" />
    <result column="base_no" property="baseNo" jdbcType="VARCHAR" />
    <result column="group_code" property="groupCode" jdbcType="VARCHAR" />
    <result column="min_base_size" property="minBaseSize" jdbcType="INTEGER" />
    <result column="group_base_size" property="groupBaseSize" jdbcType="INTEGER" />
    <result column="name" property="name" jdbcType="VARCHAR" />
    <result column="ip" property="ip" jdbcType="VARCHAR" />
    <result column="main" property="main" jdbcType="INTEGER" />
    <result column="coordx" property="coordx" jdbcType="DOUBLE" />
    <result column="coordy" property="coordy" jdbcType="DOUBLE" />
    <result column="coordz" property="coordz" jdbcType="DOUBLE" />
    <result column="location" property="location" jdbcType="VARCHAR" />
    <result column="upload_type" property="uploadType" jdbcType="INTEGER" />
    <result column="install_time" property="installTime" jdbcType="TIMESTAMP" />
    <result column="zone" property="zone" jdbcType="VARCHAR" />
    <result column="owner" property="owner" jdbcType="VARCHAR" />
    <result column="work" property="work" jdbcType="BIT" />
    <result column="lose_rate" property="loseRate" jdbcType="DOUBLE" />
    <result column="alarm" property="alarm" jdbcType="INTEGER" />
    <result column="algorithm_type" property="algorithmType" jdbcType="INTEGER" />
    <result column="time_correction_value" property="timeCorrectionValue" jdbcType="VARCHAR" />
    <result column="create_user" property="createUser" jdbcType="VARCHAR" />
    <result column="create_time" property="createTime" jdbcType="TIMESTAMP" />
    <result column="update_user" property="updateUser" jdbcType="VARCHAR" />
    <result column="update_time" property="updateTime" jdbcType="TIMESTAMP" />
  </resultMap>
  <resultMap id="ResultMapWithBLOBs" type="com.pos.inhouse.web.dao.model.PosBaseStation" extends="BaseResultMap" >
    <!--
      WARNING - @mbggenerated
      This element is automatically generated by MyBatis Generator, do not modify.
    -->
    <result column="description" property="description" jdbcType="LONGVARCHAR" />
  </resultMap>
  <sql id="Example_Where_Clause" >
    <!--
      WARNING - @mbggenerated
      This element is automatically generated by MyBatis Generator, do not modify.
    -->
    <where >
      <foreach collection="oredCriteria" item="criteria" separator="or" >
        <if test="criteria.valid" >
          <trim prefix="(" suffix=")" prefixOverrides="and" >
            <foreach collection="criteria.criteria" item="criterion" >
              <choose >
                <when test="criterion.noValue" >
                  and ${criterion.condition}
                </when>
                <when test="criterion.singleValue" >
                  and ${criterion.condition} #{criterion.value}
                </when>
                <when test="criterion.betweenValue" >
                  and ${criterion.condition} #{criterion.value} and #{criterion.secondValue}
                </when>
                <when test="criterion.listValue" >
                  and ${criterion.condition}
                  <foreach collection="criterion.value" item="listItem" open="(" close=")" separator="," >
                    #{listItem}
                  </foreach>
                </when>
              </choose>
            </foreach>
          </trim>
        </if>
      </foreach>
    </where>
  </sql>
  <sql id="Update_By_Example_Where_Clause" >
    <!--
      WARNING - @mbggenerated
      This element is automatically generated by MyBatis Generator, do not modify.
    -->
    <where >
      <foreach collection="example.oredCriteria" item="criteria" separator="or" >
        <if test="criteria.valid" >
          <trim prefix="(" suffix=")" prefixOverrides="and" >
            <foreach collection="criteria.criteria" item="criterion" >
              <choose >
                <when test="criterion.noValue" >
                  and ${criterion.condition}
                </when>
                <when test="criterion.singleValue" >
                  and ${criterion.condition} #{criterion.value}
                </when>
                <when test="criterion.betweenValue" >
                  and ${criterion.condition} #{criterion.value} and #{criterion.secondValue}
                </when>
                <when test="criterion.listValue" >
                  and ${criterion.condition}
                  <foreach collection="criterion.value" item="listItem" open="(" close=")" separator="," >
                    #{listItem}
                  </foreach>
                </when>
              </choose>
            </foreach>
          </trim>
        </if>
      </foreach>
    </where>
  </sql>
  <sql id="Base_Column_List" >
    <!--
      WARNING - @mbggenerated
      This element is automatically generated by MyBatis Generator, do not modify.
    -->
    id, base_no, group_code, min_base_size, group_base_size, name, ip, main, coordx, 
    coordy, coordz, location, upload_type, install_time, zone, owner, work, lose_rate, 
    alarm, algorithm_type, time_correction_value, create_user, create_time, update_user, 
    update_time
  </sql>
  <sql id="Blob_Column_List" >
    <!--
      WARNING - @mbggenerated
      This element is automatically generated by MyBatis Generator, do not modify.
    -->
    description
  </sql>
  <select id="selectByExampleWithBLOBs" resultMap="ResultMapWithBLOBs" parameterType="com.pos.inhouse.web.dao.model.PosBaseStationExample" >
    <!--
      WARNING - @mbggenerated
      This element is automatically generated by MyBatis Generator, do not modify.
    -->
    select
    <if test="distinct" >
      distinct
    </if>
    <include refid="Base_Column_List" />
    ,
    <include refid="Blob_Column_List" />
    from pos_base_station
    <if test="_parameter != null" >
      <include refid="Example_Where_Clause" />
    </if>
    <if test="orderByClause != null" >
      order by ${orderByClause}
    </if>
  </select>
  <select id="selectByExample" resultMap="BaseResultMap" parameterType="com.pos.inhouse.web.dao.model.PosBaseStationExample" >
    <!--
      WARNING - @mbggenerated
      This element is automatically generated by MyBatis Generator, do not modify.
    -->
    select
    <if test="distinct" >
      distinct
    </if>
    <include refid="Base_Column_List" />
    from pos_base_station
    <if test="_parameter != null" >
      <include refid="Example_Where_Clause" />
    </if>
    <if test="orderByClause != null" >
      order by ${orderByClause}
    </if>
  </select>
  <select id="selectByPrimaryKey" resultMap="ResultMapWithBLOBs" parameterType="java.lang.Integer" >
    <!--
      WARNING - @mbggenerated
      This element is automatically generated by MyBatis Generator, do not modify.
    -->
    select 
    <include refid="Base_Column_List" />
    ,
    <include refid="Blob_Column_List" />
    from pos_base_station
    where id = #{id,jdbcType=INTEGER}
  </select>
  <delete id="deleteByPrimaryKey" parameterType="java.lang.Integer" >
    <!--
      WARNING - @mbggenerated
      This element is automatically generated by MyBatis Generator, do not modify.
    -->
    delete from pos_base_station
    where id = #{id,jdbcType=INTEGER}
  </delete>
  <delete id="deleteByExample" parameterType="com.pos.inhouse.web.dao.model.PosBaseStationExample" >
    <!--
      WARNING - @mbggenerated
      This element is automatically generated by MyBatis Generator, do not modify.
    -->
    delete from pos_base_station
    <if test="_parameter != null" >
      <include refid="Example_Where_Clause" />
    </if>
  </delete>
  <insert id="insert" parameterType="com.pos.inhouse.web.dao.model.PosBaseStation" >
    <!--
      WARNING - @mbggenerated
      This element is automatically generated by MyBatis Generator, do not modify.
    -->
    <selectKey resultType="java.lang.Integer" keyProperty="id" order="AFTER" >
      SELECT LAST_INSERT_ID()
    </selectKey>
    insert into pos_base_station (base_no, group_code, min_base_size, 
      group_base_size, name, ip, 
      main, coordx, coordy, 
      coordz, location, upload_type, 
      install_time, zone, owner, 
      work, lose_rate, alarm, algorithm_type, 
      time_correction_value, create_user, create_time, 
      update_user, update_time, description
      )
    values (#{baseNo,jdbcType=VARCHAR}, #{groupCode,jdbcType=VARCHAR}, #{minBaseSize,jdbcType=INTEGER}, 
      #{groupBaseSize,jdbcType=INTEGER}, #{name,jdbcType=VARCHAR}, #{ip,jdbcType=VARCHAR}, 
      #{main,jdbcType=INTEGER}, #{coordx,jdbcType=DOUBLE}, #{coordy,jdbcType=DOUBLE}, 
      #{coordz,jdbcType=DOUBLE}, #{location,jdbcType=VARCHAR}, #{uploadType,jdbcType=INTEGER}, 
      #{installTime,jdbcType=TIMESTAMP}, #{zone,jdbcType=VARCHAR}, #{owner,jdbcType=VARCHAR}, 
      #{work,jdbcType=BIT}, #{loseRate,jdbcType=DOUBLE}, #{alarm,jdbcType=INTEGER}, #{algorithmType,jdbcType=INTEGER}, 
      #{timeCorrectionValue,jdbcType=VARCHAR}, #{createUser,jdbcType=VARCHAR}, #{createTime,jdbcType=TIMESTAMP}, 
      #{updateUser,jdbcType=VARCHAR}, #{updateTime,jdbcType=TIMESTAMP}, #{description,jdbcType=LONGVARCHAR}
      )
  </insert>
  <insert id="insertSelective" parameterType="com.pos.inhouse.web.dao.model.PosBaseStation" >
    <!--
      WARNING - @mbggenerated
      This element is automatically generated by MyBatis Generator, do not modify.
    -->
    <selectKey resultType="java.lang.Integer" keyProperty="id" order="AFTER" >
      SELECT LAST_INSERT_ID()
    </selectKey>
    insert into pos_base_station
    <trim prefix="(" suffix=")" suffixOverrides="," >
      <if test="baseNo != null" >
        base_no,
      </if>
      <if test="groupCode != null" >
        group_code,
      </if>
      <if test="minBaseSize != null" >
        min_base_size,
      </if>
      <if test="groupBaseSize != null" >
        group_base_size,
      </if>
      <if test="name != null" >
        name,
      </if>
      <if test="ip != null" >
        ip,
      </if>
      <if test="main != null" >
        main,
      </if>
      <if test="coordx != null" >
        coordx,
      </if>
      <if test="coordy != null" >
        coordy,
      </if>
      <if test="coordz != null" >
        coordz,
      </if>
      <if test="location != null" >
        location,
      </if>
      <if test="uploadType != null" >
        upload_type,
      </if>
      <if test="installTime != null" >
        install_time,
      </if>
      <if test="zone != null" >
        zone,
      </if>
      <if test="owner != null" >
        owner,
      </if>
      <if test="work != null" >
        work,
      </if>
      <if test="loseRate != null" >
        lose_rate,
      </if>
      <if test="alarm != null" >
        alarm,
      </if>
      <if test="algorithmType != null" >
        algorithm_type,
      </if>
      <if test="timeCorrectionValue != null" >
        time_correction_value,
      </if>
      <if test="createUser != null" >
        create_user,
      </if>
      <if test="createTime != null" >
        create_time,
      </if>
      <if test="updateUser != null" >
        update_user,
      </if>
      <if test="updateTime != null" >
        update_time,
      </if>
      <if test="description != null" >
        description,
      </if>
    </trim>
    <trim prefix="values (" suffix=")" suffixOverrides="," >
      <if test="baseNo != null" >
        #{baseNo,jdbcType=VARCHAR},
      </if>
      <if test="groupCode != null" >
        #{groupCode,jdbcType=VARCHAR},
      </if>
      <if test="minBaseSize != null" >
        #{minBaseSize,jdbcType=INTEGER},
      </if>
      <if test="groupBaseSize != null" >
        #{groupBaseSize,jdbcType=INTEGER},
      </if>
      <if test="name != null" >
        #{name,jdbcType=VARCHAR},
      </if>
      <if test="ip != null" >
        #{ip,jdbcType=VARCHAR},
      </if>
      <if test="main != null" >
        #{main,jdbcType=INTEGER},
      </if>
      <if test="coordx != null" >
        #{coordx,jdbcType=DOUBLE},
      </if>
      <if test="coordy != null" >
        #{coordy,jdbcType=DOUBLE},
      </if>
      <if test="coordz != null" >
        #{coordz,jdbcType=DOUBLE},
      </if>
      <if test="location != null" >
        #{location,jdbcType=VARCHAR},
      </if>
      <if test="uploadType != null" >
        #{uploadType,jdbcType=INTEGER},
      </if>
      <if test="installTime != null" >
        #{installTime,jdbcType=TIMESTAMP},
      </if>
      <if test="zone != null" >
        #{zone,jdbcType=VARCHAR},
      </if>
      <if test="owner != null" >
        #{owner,jdbcType=VARCHAR},
      </if>
      <if test="work != null" >
        #{work,jdbcType=BIT},
      </if>
      <if test="loseRate != null" >
        #{loseRate,jdbcType=DOUBLE},
      </if>
      <if test="alarm != null" >
        #{alarm,jdbcType=INTEGER},
      </if>
      <if test="algorithmType != null" >
        #{algorithmType,jdbcType=INTEGER},
      </if>
      <if test="timeCorrectionValue != null" >
        #{timeCorrectionValue,jdbcType=VARCHAR},
      </if>
      <if test="createUser != null" >
        #{createUser,jdbcType=VARCHAR},
      </if>
      <if test="createTime != null" >
        #{createTime,jdbcType=TIMESTAMP},
      </if>
      <if test="updateUser != null" >
        #{updateUser,jdbcType=VARCHAR},
      </if>
      <if test="updateTime != null" >
        #{updateTime,jdbcType=TIMESTAMP},
      </if>
      <if test="description != null" >
        #{description,jdbcType=LONGVARCHAR},
      </if>
    </trim>
  </insert>
  <select id="countByExample" parameterType="com.pos.inhouse.web.dao.model.PosBaseStationExample" resultType="java.lang.Integer" >
    <!--
      WARNING - @mbggenerated
      This element is automatically generated by MyBatis Generator, do not modify.
    -->
    select count(*) from pos_base_station
    <if test="_parameter != null" >
      <include refid="Example_Where_Clause" />
    </if>
  </select>
  <update id="updateByExampleSelective" parameterType="map" >
    <!--
      WARNING - @mbggenerated
      This element is automatically generated by MyBatis Generator, do not modify.
    -->
    update pos_base_station
    <set >
      <if test="record.id != null" >
        id = #{record.id,jdbcType=INTEGER},
      </if>
      <if test="record.baseNo != null" >
        base_no = #{record.baseNo,jdbcType=VARCHAR},
      </if>
      <if test="record.groupCode != null" >
        group_code = #{record.groupCode,jdbcType=VARCHAR},
      </if>
      <if test="record.minBaseSize != null" >
        min_base_size = #{record.minBaseSize,jdbcType=INTEGER},
      </if>
      <if test="record.groupBaseSize != null" >
        group_base_size = #{record.groupBaseSize,jdbcType=INTEGER},
      </if>
      <if test="record.name != null" >
        name = #{record.name,jdbcType=VARCHAR},
      </if>
      <if test="record.ip != null" >
        ip = #{record.ip,jdbcType=VARCHAR},
      </if>
      <if test="record.main != null" >
        main = #{record.main,jdbcType=INTEGER},
      </if>
      <if test="record.coordx != null" >
        coordx = #{record.coordx,jdbcType=DOUBLE},
      </if>
      <if test="record.coordy != null" >
        coordy = #{record.coordy,jdbcType=DOUBLE},
      </if>
      <if test="record.coordz != null" >
        coordz = #{record.coordz,jdbcType=DOUBLE},
      </if>
      <if test="record.location != null" >
        location = #{record.location,jdbcType=VARCHAR},
      </if>
      <if test="record.uploadType != null" >
        upload_type = #{record.uploadType,jdbcType=INTEGER},
      </if>
      <if test="record.installTime != null" >
        install_time = #{record.installTime,jdbcType=TIMESTAMP},
      </if>
      <if test="record.zone != null" >
        zone = #{record.zone,jdbcType=VARCHAR},
      </if>
      <if test="record.owner != null" >
        owner = #{record.owner,jdbcType=VARCHAR},
      </if>
      <if test="record.work != null" >
        work = #{record.work,jdbcType=BIT},
      </if>
      <if test="record.loseRate != null" >
        lose_rate = #{record.loseRate,jdbcType=DOUBLE},
      </if>
      <if test="record.alarm != null" >
        alarm = #{record.alarm,jdbcType=INTEGER},
      </if>
      <if test="record.algorithmType != null" >
        algorithm_type = #{record.algorithmType,jdbcType=INTEGER},
      </if>
      <if test="record.timeCorrectionValue != null" >
        time_correction_value = #{record.timeCorrectionValue,jdbcType=VARCHAR},
      </if>
      <if test="record.createUser != null" >
        create_user = #{record.createUser,jdbcType=VARCHAR},
      </if>
      <if test="record.createTime != null" >
        create_time = #{record.createTime,jdbcType=TIMESTAMP},
      </if>
      <if test="record.updateUser != null" >
        update_user = #{record.updateUser,jdbcType=VARCHAR},
      </if>
      <if test="record.updateTime != null" >
        update_time = #{record.updateTime,jdbcType=TIMESTAMP},
      </if>
      <if test="record.description != null" >
        description = #{record.description,jdbcType=LONGVARCHAR},
      </if>
    </set>
    <if test="_parameter != null" >
      <include refid="Update_By_Example_Where_Clause" />
    </if>
  </update>
  <update id="updateByExampleWithBLOBs" parameterType="map" >
    <!--
      WARNING - @mbggenerated
      This element is automatically generated by MyBatis Generator, do not modify.
    -->
    update pos_base_station
    set id = #{record.id,jdbcType=INTEGER},
      base_no = #{record.baseNo,jdbcType=VARCHAR},
      group_code = #{record.groupCode,jdbcType=VARCHAR},
      min_base_size = #{record.minBaseSize,jdbcType=INTEGER},
      group_base_size = #{record.groupBaseSize,jdbcType=INTEGER},
      name = #{record.name,jdbcType=VARCHAR},
      ip = #{record.ip,jdbcType=VARCHAR},
      main = #{record.main,jdbcType=INTEGER},
      coordx = #{record.coordx,jdbcType=DOUBLE},
      coordy = #{record.coordy,jdbcType=DOUBLE},
      coordz = #{record.coordz,jdbcType=DOUBLE},
      location = #{record.location,jdbcType=VARCHAR},
      upload_type = #{record.uploadType,jdbcType=INTEGER},
      install_time = #{record.installTime,jdbcType=TIMESTAMP},
      zone = #{record.zone,jdbcType=VARCHAR},
      owner = #{record.owner,jdbcType=VARCHAR},
      work = #{record.work,jdbcType=BIT},
      lose_rate = #{record.loseRate,jdbcType=DOUBLE},
      alarm = #{record.alarm,jdbcType=INTEGER},
      algorithm_type = #{record.algorithmType,jdbcType=INTEGER},
      time_correction_value = #{record.timeCorrectionValue,jdbcType=VARCHAR},
      create_user = #{record.createUser,jdbcType=VARCHAR},
      create_time = #{record.createTime,jdbcType=TIMESTAMP},
      update_user = #{record.updateUser,jdbcType=VARCHAR},
      update_time = #{record.updateTime,jdbcType=TIMESTAMP},
      description = #{record.description,jdbcType=LONGVARCHAR}
    <if test="_parameter != null" >
      <include refid="Update_By_Example_Where_Clause" />
    </if>
  </update>
  <update id="updateByExample" parameterType="map" >
    <!--
      WARNING - @mbggenerated
      This element is automatically generated by MyBatis Generator, do not modify.
    -->
    update pos_base_station
    set id = #{record.id,jdbcType=INTEGER},
      base_no = #{record.baseNo,jdbcType=VARCHAR},
      group_code = #{record.groupCode,jdbcType=VARCHAR},
      min_base_size = #{record.minBaseSize,jdbcType=INTEGER},
      group_base_size = #{record.groupBaseSize,jdbcType=INTEGER},
      name = #{record.name,jdbcType=VARCHAR},
      ip = #{record.ip,jdbcType=VARCHAR},
      main = #{record.main,jdbcType=INTEGER},
      coordx = #{record.coordx,jdbcType=DOUBLE},
      coordy = #{record.coordy,jdbcType=DOUBLE},
      coordz = #{record.coordz,jdbcType=DOUBLE},
      location = #{record.location,jdbcType=VARCHAR},
      upload_type = #{record.uploadType,jdbcType=INTEGER},
      install_time = #{record.installTime,jdbcType=TIMESTAMP},
      zone = #{record.zone,jdbcType=VARCHAR},
      owner = #{record.owner,jdbcType=VARCHAR},
      work = #{record.work,jdbcType=BIT},
      lose_rate = #{record.loseRate,jdbcType=DOUBLE},
      alarm = #{record.alarm,jdbcType=INTEGER},
      algorithm_type = #{record.algorithmType,jdbcType=INTEGER},
      time_correction_value = #{record.timeCorrectionValue,jdbcType=VARCHAR},
      create_user = #{record.createUser,jdbcType=VARCHAR},
      create_time = #{record.createTime,jdbcType=TIMESTAMP},
      update_user = #{record.updateUser,jdbcType=VARCHAR},
      update_time = #{record.updateTime,jdbcType=TIMESTAMP}
    <if test="_parameter != null" >
      <include refid="Update_By_Example_Where_Clause" />
    </if>
  </update>
  <update id="updateByPrimaryKeySelective" parameterType="com.pos.inhouse.web.dao.model.PosBaseStation" >
    <!--
      WARNING - @mbggenerated
      This element is automatically generated by MyBatis Generator, do not modify.
    -->
    update pos_base_station
    <set >
      <if test="baseNo != null" >
        base_no = #{baseNo,jdbcType=VARCHAR},
      </if>
      <if test="groupCode != null" >
        group_code = #{groupCode,jdbcType=VARCHAR},
      </if>
      <if test="minBaseSize != null" >
        min_base_size = #{minBaseSize,jdbcType=INTEGER},
      </if>
      <if test="groupBaseSize != null" >
        group_base_size = #{groupBaseSize,jdbcType=INTEGER},
      </if>
      <if test="name != null" >
        name = #{name,jdbcType=VARCHAR},
      </if>
      <if test="ip != null" >
        ip = #{ip,jdbcType=VARCHAR},
      </if>
      <if test="main != null" >
        main = #{main,jdbcType=INTEGER},
      </if>
      <if test="coordx != null" >
        coordx = #{coordx,jdbcType=DOUBLE},
      </if>
      <if test="coordy != null" >
        coordy = #{coordy,jdbcType=DOUBLE},
      </if>
      <if test="coordz != null" >
        coordz = #{coordz,jdbcType=DOUBLE},
      </if>
      <if test="location != null" >
        location = #{location,jdbcType=VARCHAR},
      </if>
      <if test="uploadType != null" >
        upload_type = #{uploadType,jdbcType=INTEGER},
      </if>
      <if test="installTime != null" >
        install_time = #{installTime,jdbcType=TIMESTAMP},
      </if>
      <if test="zone != null" >
        zone = #{zone,jdbcType=VARCHAR},
      </if>
      <if test="owner != null" >
        owner = #{owner,jdbcType=VARCHAR},
      </if>
      <if test="work != null" >
        work = #{work,jdbcType=BIT},
      </if>
      <if test="loseRate != null" >
        lose_rate = #{loseRate,jdbcType=DOUBLE},
      </if>
      <if test="alarm != null" >
        alarm = #{alarm,jdbcType=INTEGER},
      </if>
      <if test="algorithmType != null" >
        algorithm_type = #{algorithmType,jdbcType=INTEGER},
      </if>
      <if test="timeCorrectionValue != null" >
        time_correction_value = #{timeCorrectionValue,jdbcType=VARCHAR},
      </if>
      <if test="createUser != null" >
        create_user = #{createUser,jdbcType=VARCHAR},
      </if>
      <if test="createTime != null" >
        create_time = #{createTime,jdbcType=TIMESTAMP},
      </if>
      <if test="updateUser != null" >
        update_user = #{updateUser,jdbcType=VARCHAR},
      </if>
      <if test="updateTime != null" >
        update_time = #{updateTime,jdbcType=TIMESTAMP},
      </if>
      <if test="description != null" >
        description = #{description,jdbcType=LONGVARCHAR},
      </if>
    </set>
    where id = #{id,jdbcType=INTEGER}
  </update>
  <update id="updateByPrimaryKeyWithBLOBs" parameterType="com.pos.inhouse.web.dao.model.PosBaseStation" >
    <!--
      WARNING - @mbggenerated
      This element is automatically generated by MyBatis Generator, do not modify.
    -->
    update pos_base_station
    set base_no = #{baseNo,jdbcType=VARCHAR},
      group_code = #{groupCode,jdbcType=VARCHAR},
      min_base_size = #{minBaseSize,jdbcType=INTEGER},
      group_base_size = #{groupBaseSize,jdbcType=INTEGER},
      name = #{name,jdbcType=VARCHAR},
      ip = #{ip,jdbcType=VARCHAR},
      main = #{main,jdbcType=INTEGER},
      coordx = #{coordx,jdbcType=DOUBLE},
      coordy = #{coordy,jdbcType=DOUBLE},
      coordz = #{coordz,jdbcType=DOUBLE},
      location = #{location,jdbcType=VARCHAR},
      upload_type = #{uploadType,jdbcType=INTEGER},
      install_time = #{installTime,jdbcType=TIMESTAMP},
      zone = #{zone,jdbcType=VARCHAR},
      owner = #{owner,jdbcType=VARCHAR},
      work = #{work,jdbcType=BIT},
      lose_rate = #{loseRate,jdbcType=DOUBLE},
      alarm = #{alarm,jdbcType=INTEGER},
      algorithm_type = #{algorithmType,jdbcType=INTEGER},
      time_correction_value = #{timeCorrectionValue,jdbcType=VARCHAR},
      create_user = #{createUser,jdbcType=VARCHAR},
      create_time = #{createTime,jdbcType=TIMESTAMP},
      update_user = #{updateUser,jdbcType=VARCHAR},
      update_time = #{updateTime,jdbcType=TIMESTAMP},
      description = #{description,jdbcType=LONGVARCHAR}
    where id = #{id,jdbcType=INTEGER}
  </update>
  <update id="updateByPrimaryKey" parameterType="com.pos.inhouse.web.dao.model.PosBaseStation" >
    <!--
      WARNING - @mbggenerated
      This element is automatically generated by MyBatis Generator, do not modify.
    -->
    update pos_base_station
    set base_no = #{baseNo,jdbcType=VARCHAR},
      group_code = #{groupCode,jdbcType=VARCHAR},
      min_base_size = #{minBaseSize,jdbcType=INTEGER},
      group_base_size = #{groupBaseSize,jdbcType=INTEGER},
      name = #{name,jdbcType=VARCHAR},
      ip = #{ip,jdbcType=VARCHAR},
      main = #{main,jdbcType=INTEGER},
      coordx = #{coordx,jdbcType=DOUBLE},
      coordy = #{coordy,jdbcType=DOUBLE},
      coordz = #{coordz,jdbcType=DOUBLE},
      location = #{location,jdbcType=VARCHAR},
      upload_type = #{uploadType,jdbcType=INTEGER},
      install_time = #{installTime,jdbcType=TIMESTAMP},
      zone = #{zone,jdbcType=VARCHAR},
      owner = #{owner,jdbcType=VARCHAR},
      work = #{work,jdbcType=BIT},
      lose_rate = #{loseRate,jdbcType=DOUBLE},
      alarm = #{alarm,jdbcType=INTEGER},
      algorithm_type = #{algorithmType,jdbcType=INTEGER},
      time_correction_value = #{timeCorrectionValue,jdbcType=VARCHAR},
      create_user = #{createUser,jdbcType=VARCHAR},
      create_time = #{createTime,jdbcType=TIMESTAMP},
      update_user = #{updateUser,jdbcType=VARCHAR},
      update_time = #{updateTime,jdbcType=TIMESTAMP}
    where id = #{id,jdbcType=INTEGER}
  </update>
  
  <!-- Add methods -->
  <select id="selectWithPage" resultMap="ResultMapWithBLOBs">
    select
    <include refid="Base_Column_List" />
    ,
    <include refid="Blob_Column_List" />
    from pos_base_station
    <where>
    	<if test="filter.id != null and filter.id != ''">
            AND id =#{filter.id }
        </if>
        <if test="filter.baseNo != null and filter.baseNo != ''">
            AND base_no =#{filter.baseNo }
        </if>
        <if test="filter.groupCode != null and filter.groupCode != ''">
            AND group_code =#{filter.groupCode }
        </if>
        <if test="filter.name != null and filter.name != ''">
            AND name =#{filter.name }
        </if>
        <if test="filter.ip != null and filter.ip != ''">
            AND ip =#{filter.ip }
        </if>
        <if test="filter.zone != null and filter.zone != ''">
            AND zone =#{filter.zone }
        </if>
        <if test="filter.owner != null and filter.owner != ''">
            AND owner =#{filter.owner }
        </if>
        <if test="filter.work != null">
            AND work =#{filter.work }
        </if>
    </where>
  </select>
</mapper>