<?xml version="1.0" encoding="UTF-8"?>
<!DOCTYPE mapper PUBLIC "-//mybatis.org//DTD Mapper 3.0//EN" "http://mybatis.org/dtd/mybatis-3-mapper.dtd">
<mapper namespace="com.pos.inhouse.web.dao.mapper.PosTagMapper">
  <resultMap id="BaseResultMap" type="com.pos.inhouse.web.dao.model.PosTag">
    <!--
      WARNING - @mbggenerated
      This element is automatically generated by MyBatis Generator, do not modify.
      This element was generated on Fri Oct 26 18:02:56 CST 2018.
    -->
    <id column="id" jdbcType="INTEGER" property="id" />
    <result column="tag_no" jdbcType="VARCHAR" property="tagNo" />
    <result column="type" jdbcType="INTEGER" property="type" />
    <result column="name" jdbcType="VARCHAR" property="name" />
    <result column="sex" jdbcType="INTEGER" property="sex" />
    <result column="avatar" jdbcType="VARCHAR" property="avatar" />
    <result column="department" jdbcType="VARCHAR" property="department" />
    <result column="job" jdbcType="VARCHAR" property="job" />
    <result column="zone" jdbcType="VARCHAR" property="zone" />
    <result column="level" jdbcType="VARCHAR" property="level" />
    <result column="phone" jdbcType="VARCHAR" property="phone" />
    <result column="leader" jdbcType="VARCHAR" property="leader" />
    <result column="reason" jdbcType="VARCHAR" property="reason" />
    <result column="locked" jdbcType="BIT" property="locked" />
    <result column="create_user" jdbcType="VARCHAR" property="createUser" />
    <result column="create_time" jdbcType="TIMESTAMP" property="createTime" />
    <result column="update_user" jdbcType="VARCHAR" property="updateUser" />
    <result column="update_time" jdbcType="TIMESTAMP" property="updateTime" />
  </resultMap>
  <sql id="Example_Where_Clause">
    <!--
      WARNING - @mbggenerated
      This element is automatically generated by MyBatis Generator, do not modify.
      This element was generated on Fri Oct 26 18:02:56 CST 2018.
    -->
    <where>
      <foreach collection="oredCriteria" item="criteria" separator="or">
        <if test="criteria.valid">
          <trim prefix="(" prefixOverrides="and" suffix=")">
            <foreach collection="criteria.criteria" item="criterion">
              <choose>
                <when test="criterion.noValue">
                  and ${criterion.condition}
                </when>
                <when test="criterion.singleValue">
                  and ${criterion.condition} #{criterion.value}
                </when>
                <when test="criterion.betweenValue">
                  and ${criterion.condition} #{criterion.value} and #{criterion.secondValue}
                </when>
                <when test="criterion.listValue">
                  and ${criterion.condition}
                  <foreach close=")" collection="criterion.value" item="listItem" open="(" separator=",">
                    #{listItem}
                  </foreach>
                </when>
              </choose>
            </foreach>
          </trim>
        </if>
      </foreach>
    </where>
  </sql>
  <sql id="Update_By_Example_Where_Clause">
    <!--
      WARNING - @mbggenerated
      This element is automatically generated by MyBatis Generator, do not modify.
      This element was generated on Fri Oct 26 18:02:56 CST 2018.
    -->
    <where>
      <foreach collection="example.oredCriteria" item="criteria" separator="or">
        <if test="criteria.valid">
          <trim prefix="(" prefixOverrides="and" suffix=")">
            <foreach collection="criteria.criteria" item="criterion">
              <choose>
                <when test="criterion.noValue">
                  and ${criterion.condition}
                </when>
                <when test="criterion.singleValue">
                  and ${criterion.condition} #{criterion.value}
                </when>
                <when test="criterion.betweenValue">
                  and ${criterion.condition} #{criterion.value} and #{criterion.secondValue}
                </when>
                <when test="criterion.listValue">
                  and ${criterion.condition}
                  <foreach close=")" collection="criterion.value" item="listItem" open="(" separator=",">
                    #{listItem}
                  </foreach>
                </when>
              </choose>
            </foreach>
          </trim>
        </if>
      </foreach>
    </where>
  </sql>
  <sql id="Base_Column_List">
    <!--
      WARNING - @mbggenerated
      This element is automatically generated by MyBatis Generator, do not modify.
      This element was generated on Fri Oct 26 18:02:56 CST 2018.
    -->
    id, tag_no, type, name, sex, avatar, department, job, zone, level, phone, leader, 
    reason, locked, create_user, create_time, update_user, update_time
  </sql>
  <select id="selectByExample" parameterType="com.pos.inhouse.web.dao.model.PosTagExample" resultMap="BaseResultMap">
    <!--
      WARNING - @mbggenerated
      This element is automatically generated by MyBatis Generator, do not modify.
      This element was generated on Fri Oct 26 18:02:56 CST 2018.
    -->
    select
    <if test="distinct">
      distinct
    </if>
    <include refid="Base_Column_List" />
    from pos_tag
    <if test="_parameter != null">
      <include refid="Example_Where_Clause" />
    </if>
    <if test="orderByClause != null">
      order by ${orderByClause}
    </if>
  </select>
  <select id="selectByPrimaryKey" parameterType="java.lang.Integer" resultMap="BaseResultMap">
    <!--
      WARNING - @mbggenerated
      This element is automatically generated by MyBatis Generator, do not modify.
      This element was generated on Fri Oct 26 18:02:56 CST 2018.
    -->
    select 
    <include refid="Base_Column_List" />
    from pos_tag
    where id = #{id,jdbcType=INTEGER}
  </select>
  <delete id="deleteByPrimaryKey" parameterType="java.lang.Integer">
    <!--
      WARNING - @mbggenerated
      This element is automatically generated by MyBatis Generator, do not modify.
      This element was generated on Fri Oct 26 18:02:56 CST 2018.
    -->
    delete from pos_tag
    where id = #{id,jdbcType=INTEGER}
  </delete>
  <delete id="deleteByExample" parameterType="com.pos.inhouse.web.dao.model.PosTagExample">
    <!--
      WARNING - @mbggenerated
      This element is automatically generated by MyBatis Generator, do not modify.
      This element was generated on Fri Oct 26 18:02:56 CST 2018.
    -->
    delete from pos_tag
    <if test="_parameter != null">
      <include refid="Example_Where_Clause" />
    </if>
  </delete>
  <insert id="insert" parameterType="com.pos.inhouse.web.dao.model.PosTag">
    <!--
      WARNING - @mbggenerated
      This element is automatically generated by MyBatis Generator, do not modify.
      This element was generated on Fri Oct 26 18:02:56 CST 2018.
    -->
    <selectKey keyProperty="id" order="AFTER" resultType="java.lang.Integer">
      SELECT LAST_INSERT_ID()
    </selectKey>
    insert into pos_tag (tag_no, type, name, 
      sex, avatar, department, 
      job, zone, level, phone, 
      leader, reason, locked, 
      create_user, create_time, update_user, 
      update_time)
    values (#{tagNo,jdbcType=VARCHAR}, #{type,jdbcType=INTEGER}, #{name,jdbcType=VARCHAR}, 
      #{sex,jdbcType=INTEGER}, #{avatar,jdbcType=VARCHAR}, #{department,jdbcType=VARCHAR}, 
      #{job,jdbcType=VARCHAR}, #{zone,jdbcType=VARCHAR}, #{level,jdbcType=VARCHAR}, #{phone,jdbcType=VARCHAR}, 
      #{leader,jdbcType=VARCHAR}, #{reason,jdbcType=VARCHAR}, #{locked,jdbcType=BIT}, 
      #{createUser,jdbcType=VARCHAR}, #{createTime,jdbcType=TIMESTAMP}, #{updateUser,jdbcType=VARCHAR}, 
      #{updateTime,jdbcType=TIMESTAMP})
  </insert>
  <insert id="insertSelective" parameterType="com.pos.inhouse.web.dao.model.PosTag">
    <!--
      WARNING - @mbggenerated
      This element is automatically generated by MyBatis Generator, do not modify.
      This element was generated on Fri Oct 26 18:02:56 CST 2018.
    -->
    <selectKey keyProperty="id" order="AFTER" resultType="java.lang.Integer">
      SELECT LAST_INSERT_ID()
    </selectKey>
    insert into pos_tag
    <trim prefix="(" suffix=")" suffixOverrides=",">
      <if test="tagNo != null">
        tag_no,
      </if>
      <if test="type != null">
        type,
      </if>
      <if test="name != null">
        name,
      </if>
      <if test="sex != null">
        sex,
      </if>
      <if test="avatar != null">
        avatar,
      </if>
      <if test="department != null">
        department,
      </if>
      <if test="job != null">
        job,
      </if>
      <if test="zone != null">
        zone,
      </if>
      <if test="level != null">
        level,
      </if>
      <if test="phone != null">
        phone,
      </if>
      <if test="leader != null">
        leader,
      </if>
      <if test="reason != null">
        reason,
      </if>
      <if test="locked != null">
        locked,
      </if>
      <if test="createUser != null">
        create_user,
      </if>
      <if test="createTime != null">
        create_time,
      </if>
      <if test="updateUser != null">
        update_user,
      </if>
      <if test="updateTime != null">
        update_time,
      </if>
    </trim>
    <trim prefix="values (" suffix=")" suffixOverrides=",">
      <if test="tagNo != null">
        #{tagNo,jdbcType=VARCHAR},
      </if>
      <if test="type != null">
        #{type,jdbcType=INTEGER},
      </if>
      <if test="name != null">
        #{name,jdbcType=VARCHAR},
      </if>
      <if test="sex != null">
        #{sex,jdbcType=INTEGER},
      </if>
      <if test="avatar != null">
        #{avatar,jdbcType=VARCHAR},
      </if>
      <if test="department != null">
        #{department,jdbcType=VARCHAR},
      </if>
      <if test="job != null">
        #{job,jdbcType=VARCHAR},
      </if>
      <if test="zone != null">
        #{zone,jdbcType=VARCHAR},
      </if>
      <if test="level != null">
        #{level,jdbcType=VARCHAR},
      </if>
      <if test="phone != null">
        #{phone,jdbcType=VARCHAR},
      </if>
      <if test="leader != null">
        #{leader,jdbcType=VARCHAR},
      </if>
      <if test="reason != null">
        #{reason,jdbcType=VARCHAR},
      </if>
      <if test="locked != null">
        #{locked,jdbcType=BIT},
      </if>
      <if test="createUser != null">
        #{createUser,jdbcType=VARCHAR},
      </if>
      <if test="createTime != null">
        #{createTime,jdbcType=TIMESTAMP},
      </if>
      <if test="updateUser != null">
        #{updateUser,jdbcType=VARCHAR},
      </if>
      <if test="updateTime != null">
        #{updateTime,jdbcType=TIMESTAMP},
      </if>
    </trim>
  </insert>
  <select id="countByExample" parameterType="com.pos.inhouse.web.dao.model.PosTagExample" resultType="java.lang.Integer">
    <!--
      WARNING - @mbggenerated
      This element is automatically generated by MyBatis Generator, do not modify.
      This element was generated on Fri Oct 26 18:02:56 CST 2018.
    -->
    select count(*) from pos_tag
    <if test="_parameter != null">
      <include refid="Example_Where_Clause" />
    </if>
  </select>
  <update id="updateByExampleSelective" parameterType="map">
    <!--
      WARNING - @mbggenerated
      This element is automatically generated by MyBatis Generator, do not modify.
      This element was generated on Fri Oct 26 18:02:56 CST 2018.
    -->
    update pos_tag
    <set>
      <if test="record.id != null">
        id = #{record.id,jdbcType=INTEGER},
      </if>
      <if test="record.tagNo != null">
        tag_no = #{record.tagNo,jdbcType=VARCHAR},
      </if>
      <if test="record.type != null">
        type = #{record.type,jdbcType=INTEGER},
      </if>
      <if test="record.name != null">
        name = #{record.name,jdbcType=VARCHAR},
      </if>
      <if test="record.sex != null">
        sex = #{record.sex,jdbcType=INTEGER},
      </if>
      <if test="record.avatar != null">
        avatar = #{record.avatar,jdbcType=VARCHAR},
      </if>
      <if test="record.department != null">
        department = #{record.department,jdbcType=VARCHAR},
      </if>
      <if test="record.job != null">
        job = #{record.job,jdbcType=VARCHAR},
      </if>
      <if test="record.zone != null">
        zone = #{record.zone,jdbcType=VARCHAR},
      </if>
      <if test="record.level != null">
        level = #{record.level,jdbcType=VARCHAR},
      </if>
      <if test="record.phone != null">
        phone = #{record.phone,jdbcType=VARCHAR},
      </if>
      <if test="record.leader != null">
        leader = #{record.leader,jdbcType=VARCHAR},
      </if>
      <if test="record.reason != null">
        reason = #{record.reason,jdbcType=VARCHAR},
      </if>
      <if test="record.locked != null">
        locked = #{record.locked,jdbcType=BIT},
      </if>
      <if test="record.createUser != null">
        create_user = #{record.createUser,jdbcType=VARCHAR},
      </if>
      <if test="record.createTime != null">
        create_time = #{record.createTime,jdbcType=TIMESTAMP},
      </if>
      <if test="record.updateUser != null">
        update_user = #{record.updateUser,jdbcType=VARCHAR},
      </if>
      <if test="record.updateTime != null">
        update_time = #{record.updateTime,jdbcType=TIMESTAMP},
      </if>
    </set>
    <if test="_parameter != null">
      <include refid="Update_By_Example_Where_Clause" />
    </if>
  </update>
  <update id="updateByExample" parameterType="map">
    <!--
      WARNING - @mbggenerated
      This element is automatically generated by MyBatis Generator, do not modify.
      This element was generated on Fri Oct 26 18:02:56 CST 2018.
    -->
    update pos_tag
    set id = #{record.id,jdbcType=INTEGER},
      tag_no = #{record.tagNo,jdbcType=VARCHAR},
      type = #{record.type,jdbcType=INTEGER},
      name = #{record.name,jdbcType=VARCHAR},
      sex = #{record.sex,jdbcType=INTEGER},
      avatar = #{record.avatar,jdbcType=VARCHAR},
      department = #{record.department,jdbcType=VARCHAR},
      job = #{record.job,jdbcType=VARCHAR},
      zone = #{record.zone,jdbcType=VARCHAR},
      level = #{record.level,jdbcType=VARCHAR},
      phone = #{record.phone,jdbcType=VARCHAR},
      leader = #{record.leader,jdbcType=VARCHAR},
      reason = #{record.reason,jdbcType=VARCHAR},
      locked = #{record.locked,jdbcType=BIT},
      create_user = #{record.createUser,jdbcType=VARCHAR},
      create_time = #{record.createTime,jdbcType=TIMESTAMP},
      update_user = #{record.updateUser,jdbcType=VARCHAR},
      update_time = #{record.updateTime,jdbcType=TIMESTAMP}
    <if test="_parameter != null">
      <include refid="Update_By_Example_Where_Clause" />
    </if>
  </update>
  <update id="updateByPrimaryKeySelective" parameterType="com.pos.inhouse.web.dao.model.PosTag">
    <!--
      WARNING - @mbggenerated
      This element is automatically generated by MyBatis Generator, do not modify.
      This element was generated on Fri Oct 26 18:02:56 CST 2018.
    -->
    update pos_tag
    <set>
      <if test="tagNo != null">
        tag_no = #{tagNo,jdbcType=VARCHAR},
      </if>
      <if test="type != null">
        type = #{type,jdbcType=INTEGER},
      </if>
      <if test="name != null">
        name = #{name,jdbcType=VARCHAR},
      </if>
      <if test="sex != null">
        sex = #{sex,jdbcType=INTEGER},
      </if>
      <if test="avatar != null">
        avatar = #{avatar,jdbcType=VARCHAR},
      </if>
      <if test="department != null">
        department = #{department,jdbcType=VARCHAR},
      </if>
      <if test="job != null">
        job = #{job,jdbcType=VARCHAR},
      </if>
      <if test="zone != null">
        zone = #{zone,jdbcType=VARCHAR},
      </if>
      <if test="level != null">
        level = #{level,jdbcType=VARCHAR},
      </if>
      <if test="phone != null">
        phone = #{phone,jdbcType=VARCHAR},
      </if>
      <if test="leader != null">
        leader = #{leader,jdbcType=VARCHAR},
      </if>
      <if test="reason != null">
        reason = #{reason,jdbcType=VARCHAR},
      </if>
      <if test="locked != null">
        locked = #{locked,jdbcType=BIT},
      </if>
      <if test="createUser != null">
        create_user = #{createUser,jdbcType=VARCHAR},
      </if>
      <if test="createTime != null">
        create_time = #{createTime,jdbcType=TIMESTAMP},
      </if>
      <if test="updateUser != null">
        update_user = #{updateUser,jdbcType=VARCHAR},
      </if>
      <if test="updateTime != null">
        update_time = #{updateTime,jdbcType=TIMESTAMP},
      </if>
    </set>
    where id = #{id,jdbcType=INTEGER}
  </update>
  <update id="updateByPrimaryKey" parameterType="com.pos.inhouse.web.dao.model.PosTag">
    <!--
      WARNING - @mbggenerated
      This element is automatically generated by MyBatis Generator, do not modify.
      This element was generated on Fri Oct 26 18:02:56 CST 2018.
    -->
    update pos_tag
    set tag_no = #{tagNo,jdbcType=VARCHAR},
      type = #{type,jdbcType=INTEGER},
      name = #{name,jdbcType=VARCHAR},
      sex = #{sex,jdbcType=INTEGER},
      avatar = #{avatar,jdbcType=VARCHAR},
      department = #{department,jdbcType=VARCHAR},
      job = #{job,jdbcType=VARCHAR},
      zone = #{zone,jdbcType=VARCHAR},
      level = #{level,jdbcType=VARCHAR},
      phone = #{phone,jdbcType=VARCHAR},
      leader = #{leader,jdbcType=VARCHAR},
      reason = #{reason,jdbcType=VARCHAR},
      locked = #{locked,jdbcType=BIT},
      create_user = #{createUser,jdbcType=VARCHAR},
      create_time = #{createTime,jdbcType=TIMESTAMP},
      update_user = #{updateUser,jdbcType=VARCHAR},
      update_time = #{updateTime,jdbcType=TIMESTAMP}
    where id = #{id,jdbcType=INTEGER}
  </update>
  
  <!-- Add methods -->
  <select id="selectWithPage" resultMap="BaseResultMap">
    select
    <include refid="Base_Column_List" />
    from pos_tag
    <where>
    	<if test="filter.id != null and filter.id != ''">
            AND id =#{filter.id }
        </if>
        <if test="filter.tagNo != null and filter.tagNo != ''">
            AND tag_no =#{filter.tagNo }
        </if>
        <if test="filter.type != null and filter.type != ''">
            AND type =#{filter.type }
        </if>
        <if test="filter.name != null and filter.name != ''">
            AND name =#{filter.name }
        </if>
        <if test="filter.department != null and filter.department != ''">
            AND department =#{filter.department }
        </if>
        <if test="filter.zone != null and filter.zone != ''">
            AND zone =#{filter.zone }
        </if>
        <if test="filter.leader != null and filter.leader != ''">
            AND leader =#{filter.leader }
        </if>
        <if test="filter.locked != null">
            AND locked =#{filter.locked }
        </if>
    </where>
  </select>
</mapper>